{"is_source_file": true, "format": "JavaScript/React", "description": "This file defines the React component 'Board', which renders a game board for a battleship game, supporting different variants ('own' and 'target') and displaying grid states with interactive cells.", "external_files": ["../game/fleet"], "external_methods": ["placementOverlayGrid"], "published": [], "classes": [], "methods": [{"name": "Board({ variant, grid, placements, onCellClick, disabled })", "description": "React functional component that displays the game board based on props such as grid data, placement overlays, and interactive callbacks.", "scope": "", "scopeKind": ""}], "calls": ["placementOverlayGrid", "React.useMemo", "Array.isArray"], "search-terms": ["Board", "React component", "game board", "battleship", "variant", "placementOverlayGrid", "grid", "cells", "target", "own"], "state": 2, "file_id": 15, "knowledge_revision": 36, "git_revision": "6b1c122e77542b64d06f535152d1f18bd710578c", "ctags": [{"_type": "tag", "name": "Board", "path": "/home/kavia/workspace/code-generation/battleships-web-game-216474-216484/battleships_frontend/src/components/Board.js", "pattern": "/^export default function Board({ variant, grid, placements, onCellClick, disabled }) {$/", "language": "JavaScript", "kind": "function", "signature": "({ variant, grid, placements, onCellClick, disabled })"}, {"_type": "tag", "name": "board ${variant === \"target\" ? \"boardTarget\" : \"boardOwn\"}", "path": "/home/kavia/workspace/code-generation/battleships-web-game-216474-216484/battleships_frontend/src/components/Board.js", "pattern": "/^    <div className={`board ${variant === \"target\" ? \"boardTarget\" : \"boardOwn\"}`}>$/", "language": "JavaScript", "kind": "field", "scope": "Board.AnonymousClassd7ebb6e70101", "scopeKind": "class"}], "hash": "ad28c479e803ee1a8bc9b5a03628e89c", "format-version": 4, "code-base-name": "battleships_frontend", "filename": "battleships_frontend/src/components/Board.js", "fields": [{"name": "<div className={`board ${variant === \"target\" ? \"boardTarget\" : \"boardOwn\"}`}>", "scope": "Board.AnonymousClassd7ebb6e70101", "scopeKind": "class", "description": "unavailable"}], "revision_history": [{"36": "6b1c122e77542b64d06f535152d1f18bd710578c"}]}