{"is_source_file": true, "format": "JavaScript (React JSX)", "description": "A React functional component that manages a theme toggle between light and dark modes, applying the selected theme to the document and providing a user interface with a toggle button, logo, and link.", "external_files": ["./logo.svg", "./App.css"], "external_methods": [], "published": ["App"], "classes": [], "methods": ["toggleTheme"], "calls": ["document.documentElement.setAttribute", "setTheme", "useState", "useEffect"], "search-terms": ["React", "theme toggle", "useState", "useEffect", "App component", "CSS styling", "logo", "JSX"], "state": 3, "file_id": 12, "knowledge_revision": 12, "git_revision": "", "ctags": [{"_type": "tag", "name": "App", "path": "/home/kavia/workspace/code-generation/battleships-web-game-216474-216484/battleships_frontend/src/App.js", "pattern": "/^function App() {$/", "language": "JavaScript", "kind": "function", "signature": "()"}, {"_type": "tag", "name": "Switch to ${theme === 'light' ? 'dark' : 'light'} mode", "path": "/home/kavia/workspace/code-generation/battleships-web-game-216474-216484/battleships_frontend/src/App.js", "pattern": "/^          aria-label={`Switch to ${theme === 'light' ? 'dark' : 'light'} mode`}$/", "language": "JavaScript", "kind": "field", "scope": "App.aria", "scopeKind": "class"}, {"_type": "tag", "name": "toggleTheme", "path": "/home/kavia/workspace/code-generation/battleships-web-game-216474-216484/battleships_frontend/src/App.js", "pattern": "/^          onClick={toggleTheme}$/", "language": "JavaScript", "kind": "field", "scope": "App.onClick", "scopeKind": "class"}], "hash": "b55dd9e6a018e59207d8e277dffd9e11", "format-version": 4, "code-base-name": "battleships_frontend", "filename": "battleships_frontend/src/App.js"}