{"is_source_file": false, "format": "", "description": "", "external_files": [], "external_methods": [], "published": [], "classes": [], "methods": [], "calls": [], "search-terms": [], "state": 2, "file_id": 6, "knowledge_revision": 16, "git_revision": "5961ac7e9d58b90df2fd6ee0b9c08cbb576a7088", "hash": "be6538e7523bc2e9da0743133d784136", "format-version": 4, "code-base-name": "battleships_frontend", "filename": "battleships_frontend/eslint.config.mjs", "revision_history": [{"16": "5961ac7e9d58b90df2fd6ee0b9c08cbb576a7088"}]}