{"is_source_file": false, "format": "", "description": "", "external_files": [], "external_methods": [], "published": [], "classes": [], "methods": [], "calls": [], "search-terms": ["CSS variables", "theme management", ":root", "[data-theme=\"dark\"]", ".App", ".theme-toggle", "@media"], "state": 2, "file_id": 11, "knowledge_revision": 21, "git_revision": "5961ac7e9d58b90df2fd6ee0b9c08cbb576a7088", "hash": "22f9e17cc1848b56dbb244518ac2707e", "format-version": 4, "code-base-name": "battleships_frontend", "filename": "battleships_frontend/src/App.css", "revision_history": [{"21": "5961ac7e9d58b90df2fd6ee0b9c08cbb576a7088"}]}