{"is_source_file": true, "format": "JavaScript (React JSX)", "description": "This file defines the main React component for a Battleships web game, managing game state, UI flows, and interactions with backend APIs for game creation, ship placement, and firing actions.", "external_files": ["./api/client", "./game/fleet", "./components/Board", "./components/FleetBuilder", "./components/StatusPill", "./App.css"], "external_methods": ["apiCreateGame", "apiFire", "apiGetState", "apiPlaceShips", "buildDefaultFleetDraft", "validateFleetDraft"], "published": ["default"], "classes": [], "methods": [{"name": "App()", "description": "Main React functional component handling game state, UI flow, and interactions.", "scope": "", "scopeKind": ""}], "calls": ["useEffect", "useMemo", "useState", "setInterval", "clearInterval", "apiCreateGame", "apiGetState", "apiPlaceShips", "apiFire", "buildDefaultFleetDraft", "validateFleetDraft"], "search-terms": ["Battleships React App", "Game state management", "Ship placement", "Battle UI", "API integration", "FleetBuilder component", "Board component", "PvP/PvE mode"], "state": 2, "file_id": 12, "knowledge_revision": 25, "git_revision": "5961ac7e9d58b90df2fd6ee0b9c08cbb576a7088", "ctags": [{"_type": "tag", "name": "App", "path": "/home/kavia/workspace/code-generation/battleships-web-game-216474-216484/battleships_frontend/src/App.js", "pattern": "/^function App() {$/", "language": "JavaScript", "kind": "function", "signature": "()"}], "hash": "8511b559a714c8dd82bfce5daad17c90", "format-version": 4, "code-base-name": "battleships_frontend", "filename": "battleships_frontend/src/App.js", "revision_history": [{"25": "5961ac7e9d58b90df2fd6ee0b9c08cbb576a7088"}]}