{"is_source_file": true, "format": "JavaScript (React)", "description": "A React functional component named StatusPill that renders a styled pill element with customizable tone, text, and compact display options.", "external_files": ["react"], "external_methods": [], "published": [], "classes": [], "methods": [{"name": "StatusPill({ tone = \"neutral\", text, compact = false })", "description": "React functional component that renders a styled informational pill with adjustable tone, text, and size.", "scope": "", "scopeKind": ""}], "calls": ["React"], "search-terms": ["StatusPill", "React component", "pill", "status indicator", "UI component"], "state": 2, "file_id": 17, "knowledge_revision": 38, "git_revision": "6b1c122e77542b64d06f535152d1f18bd710578c", "ctags": [{"_type": "tag", "name": "StatusPill", "path": "/home/kavia/workspace/code-generation/battleships-web-game-216474-216484/battleships_frontend/src/components/StatusPill.js", "pattern": "/^export default function StatusPill({ tone = \"neutral\", text, compact = false }) {$/", "language": "JavaScript", "kind": "function", "signature": "({ tone = \"neutral\", text, compact = false })"}, {"_type": "tag", "name": "pill pill-${tone} ${compact ? \"pill-compact\" : \"\"}", "path": "/home/kavia/workspace/code-generation/battleships-web-game-216474-216484/battleships_frontend/src/components/StatusPill.js", "pattern": "/^    <div className={`pill pill-${tone} ${compact ? \"pill-compact\" : \"\"}`}>$/", "language": "JavaScript", "kind": "field", "scope": "StatusPill.AnonymousClassf3cd36f40101", "scopeKind": "class"}], "hash": "b349db6a40b86bb2e2238a05964cc09a", "format-version": 4, "code-base-name": "battleships_frontend", "filename": "battleships_frontend/src/components/StatusPill.js", "fields": [{"name": "<div className={`pill pill-${tone} ${compact ? \"pill-compact\" : \"\"}`}>", "scope": "StatusPill.AnonymousClassf3cd36f40101", "scopeKind": "class", "description": "unavailable"}], "revision_history": [{"38": "6b1c122e77542b64d06f535152d1f18bd710578c"}]}