{"is_source_file": true, "format": "JavaScript", "description": "This file defines an API client for a battleship web game frontend, providing functions to create a game, place ships, fetch game state, and fire at coordinates, with internal utility functions for handling responses and errors.", "external_files": ["fetch (built-in browser API)"], "external_methods": ["fetch"], "published": ["apiCreateGame", "apiPlaceShips", "apiGetState", "apiFire"], "classes": [], "methods": [{"name": "readError(res)", "description": "Converts non-2xx HTTP responses into readable error messages, extracting JSON detail or fallback text.", "scope": "", "scopeKind": ""}, {"name": "httpJson(path, options = {})", "description": "Performs an HTTP request to the specified path with options, handling errors and parsing JSON responses.", "scope": "", "scopeKind": ""}, {"name": "apiCreateGame(mode)", "description": "Creates a new game in specified mode (pve or pvp) with a predefined board size.", "scope": "", "scopeKind": ""}, {"name": "apiPlaceShips(gameId, payload)", "description": "Submits player's fleet placement payload for a specific game.", "scope": "", "scopeKind": ""}, {"name": "apiGetState(gameId, playerId)", "description": "Fetches the game state for a specific player in a game.", "scope": "", "scopeKind": ""}, {"name": "apiFire(gameId, payload)", "description": "Fires at a coordinate in the game.", "scope": "", "scopeKind": ""}], "calls": ["fetch", "readError", "httpJson"], "search-terms": ["client.js", "battle ships", "API client", "frontend", "game creation", "ship placement", "game state", "fire", "fetch", "HTTP requests"], "state": 2, "file_id": 13, "knowledge_revision": 34, "git_revision": "6b1c122e77542b64d06f535152d1f18bd710578c", "ctags": [{"_type": "tag", "name": "BASE_URL", "path": "/home/kavia/workspace/code-generation/battleships-web-game-216474-216484/battleships_frontend/src/api/client.js", "pattern": "/^const BASE_URL = \"http:\\/\\/localhost:3001\";$/", "language": "JavaScript", "kind": "constant"}, {"_type": "tag", "name": "apiCreateGame", "path": "/home/kavia/workspace/code-generation/battleships-web-game-216474-216484/battleships_frontend/src/api/client.js", "pattern": "/^export async function apiCreateGame(mode) {$/", "language": "JavaScript", "kind": "function", "signature": "(mode)"}, {"_type": "tag", "name": "apiFire", "path": "/home/kavia/workspace/code-generation/battleships-web-game-216474-216484/battleships_frontend/src/api/client.js", "pattern": "/^export async function apiFire(gameId, payload) {$/", "language": "JavaScript", "kind": "function", "signature": "(gameId, payload)"}, {"_type": "tag", "name": "apiGetState", "path": "/home/kavia/workspace/code-generation/battleships-web-game-216474-216484/battleships_frontend/src/api/client.js", "pattern": "/^export async function apiGetState(gameId, playerId) {$/", "language": "JavaScript", "kind": "function", "signature": "(gameId, playerId)"}, {"_type": "tag", "name": "apiPlaceShips", "path": "/home/kavia/workspace/code-generation/battleships-web-game-216474-216484/battleships_frontend/src/api/client.js", "pattern": "/^export async function apiPlaceShips(gameId, payload) {$/", "language": "JavaScript", "kind": "function", "signature": "(gameId, payload)"}, {"_type": "tag", "name": "httpJson", "path": "/home/kavia/workspace/code-generation/battleships-web-game-216474-216484/battleships_frontend/src/api/client.js", "pattern": "/^async function httpJson(path, options = {}) {$/", "language": "JavaScript", "kind": "function", "signature": "(path, options = {})"}, {"_type": "tag", "name": "readError", "path": "/home/kavia/workspace/code-generation/battleships-web-game-216474-216484/battleships_frontend/src/api/client.js", "pattern": "/^async function readError(res) {$/", "language": "JavaScript", "kind": "function", "signature": "(res)"}], "hash": "d3d7778f4c621c8a223b3dd187776f84", "format-version": 4, "code-base-name": "battleships_frontend", "filename": "battleships_frontend/src/api/client.js", "revision_history": [{"34": "6b1c122e77542b64d06f535152d1f18bd710578c"}]}