{"is_source_file": true, "format": "JavaScript (React)", "description": "This file serves as the entry point for a React web application, initializing the React DOM and rendering the root component wrapped in StrictMode.", "external_files": ["react", "react-dom/client", "./index.css", "./App"], "external_methods": ["ReactDOM.createRoot", "root.render"], "published": ["React", "ReactDOM"], "classes": [], "methods": [{"name": "ReactDOM.createRoot", "description": "Initializes a React root for rendering the application into a DOM element."}, {"name": "root.render", "description": "Renders the React component tree into the DOM."}], "calls": ["ReactDOM.createRoot", "root.render", "document.getElementById('root')", "<React.StrictMode>", "<App />"], "search-terms": ["React", "ReactDOM", "index.js", "entry point", "DOM rendering", "React StrictMode"], "state": 2, "file_id": 8, "knowledge_revision": 24, "git_revision": "5961ac7e9d58b90df2fd6ee0b9c08cbb576a7088", "ctags": [{"_type": "tag", "name": "root", "path": "/home/kavia/workspace/code-generation/battleships-web-game-216474-216484/battleships_frontend/src/index.js", "pattern": "/^const root = ReactDOM.createRoot(document.getElementById('root'));$/", "language": "JavaScript", "kind": "constant"}], "hash": "9fc5841375336fc175b49f8767a11383", "format-version": 4, "code-base-name": "battleships_frontend", "filename": "battleships_frontend/src/index.js", "revision_history": [{"24": "5961ac7e9d58b90df2fd6ee0b9c08cbb576a7088"}]}