{"is_source_file": false, "format": "", "description": "", "external_files": [], "external_methods": [], "published": [], "classes": [], "methods": [], "calls": [], "search-terms": [], "state": 2, "file_id": 5, "knowledge_revision": 18, "git_revision": "5961ac7e9d58b90df2fd6ee0b9c08cbb576a7088", "hash": "d001d53c059625c4bcf75bf5a7f3fcf0", "format-version": 4, "code-base-name": "battleships_frontend", "filename": "battleships_frontend/package.json", "revision_history": [{"18": "5961ac7e9d58b90df2fd6ee0b9c08cbb576a7088"}]}