{"is_source_file": true, "format": "JavaScript", "description": "This file sets up testing environment configurations for a React project using Jest and React Testing Library. It imports custom Jest matchers provided by '@testing-library/jest-dom' to extend assertion capabilities for DOM nodes.", "external_files": ["@testing-library/jest-dom"], "external_methods": [], "published": [], "classes": [], "methods": [], "calls": ["import '@testing-library/jest-dom'"], "search-terms": ["setupTests", "jest-dom", "testing-library", "React Testing Library", "Jest custom matchers"], "state": 2, "file_id": 10, "knowledge_revision": 22, "git_revision": "5961ac7e9d58b90df2fd6ee0b9c08cbb576a7088", "ctags": [], "hash": "1a77571e1a8cf36018a41bcedf60db75", "format-version": 4, "code-base-name": "battleships_frontend", "filename": "battleships_frontend/src/setupTests.js", "revision_history": [{"22": "5961ac7e9d58b90df2fd6ee0b9c08cbb576a7088"}]}