{"is_source_file": false, "format": null, "description": "", "external_files": [], "external_methods": [], "published": [], "classes": [], "methods": [], "calls": [], "search-terms": [], "state": 2, "file_id": 9, "knowledge_revision": 32, "git_revision": "6b1c122e77542b64d06f535152d1f18bd710578c", "hash": "f742afd154ae9acafa07af1ffa48f3a1", "format-version": 4, "code-base-name": "battleships_frontend", "filename": "battleships_frontend/src/index.css", "revision_history": [{"32": "6b1c122e77542b64d06f535152d1f18bd710578c"}]}