{"is_source_file": true, "format": "JavaScript (React component)", "description": "This file defines a React functional component named FleetBuilder used to render and manage the configuration of ships within a fleet, allowing users to set positions and orientations for each ship.", "external_files": ["react"], "external_methods": [], "published": ["FleetBuilder"], "classes": [], "methods": [{"name": "clampInt(v, min, max)", "description": "Utility function to parse an input as integer and clamp it between min and max values.", "scope": "", "scopeKind": ""}, {"name": "FleetBuilder({ fleet, onChange })", "scope": "", "scopeKind": "", "description": "unavailable"}], "calls": ["onChange", "fleet.map", "update"], "search-terms": ["FleetBuilder", "react component", "ship position", "orientation", "fleet configuration"], "state": 2, "file_id": 16, "knowledge_revision": 37, "git_revision": "6b1c122e77542b64d06f535152d1f18bd710578c", "ctags": [{"_type": "tag", "name": "FleetBuilder", "path": "/home/kavia/workspace/code-generation/battleships-web-game-216474-216484/battleships_frontend/src/components/FleetBuilder.js", "pattern": "/^export default function FleetBuilder({ fleet, onChange }) {$/", "language": "JavaScript", "kind": "function", "signature": "({ fleet, onChange })"}, {"_type": "tag", "name": "clampInt", "path": "/home/kavia/workspace/code-generation/battleships-web-game-216474-216484/battleships_frontend/src/components/FleetBuilder.js", "pattern": "/^function clampInt(v, min, max) {$/", "language": "JavaScript", "kind": "function", "signature": "(v, min, max)"}], "hash": "d1ca74101b9c94ba321b1b8ee213d579", "format-version": 4, "code-base-name": "battleships_frontend", "filename": "battleships_frontend/src/components/FleetBuilder.js", "revision_history": [{"37": "6b1c122e77542b64d06f535152d1f18bd710578c"}]}