{"is_source_file": false, "format": "", "description": "", "external_files": [], "external_methods": [], "published": [], "classes": [], "methods": [], "calls": [], "search-terms": [], "state": 2, "file_id": 9, "knowledge_revision": 20, "git_revision": "5961ac7e9d58b90df2fd6ee0b9c08cbb576a7088", "hash": "6c2104b8d219ed99234ae2d6329f4357", "format-version": 4, "code-base-name": "battleships_frontend", "filename": "battleships_frontend/src/index.css", "revision_history": [{"20": "5961ac7e9d58b90df2fd6ee0b9c08cbb576a7088"}]}