{"is_source_file": false, "format": "", "description": "", "external_files": [], "external_methods": [], "published": [], "classes": [], "methods": [], "calls": [], "search-terms": [], "state": 2, "file_id": 2, "knowledge_revision": 17, "git_revision": "5961ac7e9d58b90df2fd6ee0b9c08cbb576a7088", "hash": "d2b40d02d5f7873d8a6713bad837edd4", "format-version": 4, "code-base-name": "battleships_frontend", "filename": "battleships_frontend/public/index.html", "revision_history": [{"17": "5961ac7e9d58b90df2fd6ee0b9c08cbb576a7088"}]}