{"is_source_file": false, "format": "", "description": "", "external_files": [], "external_methods": [], "published": [], "classes": [], "methods": [], "calls": [], "search-terms": [], "state": 2, "file_id": 4, "knowledge_revision": 15, "git_revision": "5961ac7e9d58b90df2fd6ee0b9c08cbb576a7088", "hash": "ebece526bc2eadd78ddd787a76c56607", "format-version": 4, "code-base-name": "battleships_frontend", "filename": "battleships_frontend/README.md", "revision_history": [{"15": "5961ac7e9d58b90df2fd6ee0b9c08cbb576a7088"}]}