{"is_source_file": true, "format": "JavaScript", "description": "This file defines functions related to managing the fleet of ships in a Battleships web game. It includes ship coordinate calculations, building a default fleet configuration, validation of fleet arrangements, and generating a grid overlay of ship placements.", "external_files": [], "external_methods": [], "published": ["buildDefaultFleetDraft", "validateFleetDraft", "placementOverlayGrid"], "classes": [], "methods": [{"name": "coordsForShip(startRow, startCol, orientation, length)", "description": "Calculates the coordinates of a ship based on start position, orientation, and length.", "scope": "", "scopeKind": ""}, {"name": "buildDefaultFleetDraft()", "scope": "", "scopeKind": "", "description": "unavailable"}, {"name": "placementOverlayGrid(fleet)", "scope": "", "scopeKind": "", "description": "unavailable"}, {"name": "validateFleetDraft(fleet)", "scope": "", "scopeKind": "", "description": "unavailable"}], "calls": ["coordsForShip"], "search-terms": ["fleet management", "ship placement", "Battleship game", "fleet validation", "coordinate calculation"], "state": 2, "file_id": 14, "knowledge_revision": 35, "git_revision": "6b1c122e77542b64d06f535152d1f18bd710578c", "ctags": [{"_type": "tag", "name": "BOARD_SIZE", "path": "/home/kavia/workspace/code-generation/battleships-web-game-216474-216484/battleships_frontend/src/game/fleet.js", "pattern": "/^const BOARD_SIZE = 10;$/", "language": "JavaScript", "kind": "constant"}, {"_type": "tag", "name": "FLEET_LENGTHS", "path": "/home/kavia/workspace/code-generation/battleships-web-game-216474-216484/battleships_frontend/src/game/fleet.js", "pattern": "/^const FLEET_LENGTHS = [5, 4, 3, 3, 2];$/", "language": "JavaScript", "kind": "constant"}, {"_type": "tag", "name": "buildDefaultFleetDraft", "path": "/home/kavia/workspace/code-generation/battleships-web-game-216474-216484/battleships_frontend/src/game/fleet.js", "pattern": "/^export function buildDefaultFleetDraft() {$/", "language": "JavaScript", "kind": "function", "signature": "()"}, {"_type": "tag", "name": "coordsForShip", "path": "/home/kavia/workspace/code-generation/battleships-web-game-216474-216484/battleships_frontend/src/game/fleet.js", "pattern": "/^function coordsForShip(startRow, startCol, orientation, length) {$/", "language": "JavaScript", "kind": "function", "signature": "(startRow, startCol, orientation, length)"}, {"_type": "tag", "name": "placementOverlayGrid", "path": "/home/kavia/workspace/code-generation/battleships-web-game-216474-216484/battleships_frontend/src/game/fleet.js", "pattern": "/^export function placementOverlayGrid(fleet) {$/", "language": "JavaScript", "kind": "function", "signature": "(fleet)"}, {"_type": "tag", "name": "validateFleetDraft", "path": "/home/kavia/workspace/code-generation/battleships-web-game-216474-216484/battleships_frontend/src/game/fleet.js", "pattern": "/^export function validateFleetDraft(fleet) {$/", "language": "JavaScript", "kind": "function", "signature": "(fleet)"}], "hash": "86d396b0f5e02ff2e0af4ca78aee96c2", "format-version": 4, "code-base-name": "battleships_frontend", "filename": "battleships_frontend/src/game/fleet.js", "revision_history": [{"35": "6b1c122e77542b64d06f535152d1f18bd710578c"}]}