{"is_source_file": false, "format": "", "description": "", "external_files": [], "external_methods": [], "published": [], "classes": [], "methods": [], "calls": [], "search-terms": ["App.css", "CSS styling", "CSS variables", "frontend styles", "Battleships"], "state": 2, "file_id": 11, "knowledge_revision": 31, "git_revision": "6b1c122e77542b64d06f535152d1f18bd710578c", "hash": "645bd04f447237e85ded3021495bccbb", "format-version": 4, "code-base-name": "battleships_frontend", "filename": "battleships_frontend/src/App.css", "revision_history": [{"31": "6b1c122e77542b64d06f535152d1f18bd710578c"}]}