{"is_source_file": false, "format": "", "description": "", "external_files": [], "external_methods": [], "published": [], "classes": [], "methods": [], "calls": [], "search-terms": [], "state": 2, "file_id": 3, "knowledge_revision": 19, "git_revision": "5961ac7e9d58b90df2fd6ee0b9c08cbb576a7088", "hash": "d9d975cebe2ec20b6c652e1e4c12ccf0", "format-version": 4, "code-base-name": "battleships_frontend", "filename": "battleships_frontend/public/manifest.json", "revision_history": [{"19": "5961ac7e9d58b90df2fd6ee0b9c08cbb576a7088"}]}