{"is_source_file": false, "format": "", "description": "", "external_files": [], "external_methods": [], "published": [], "classes": [], "methods": [], "calls": [], "search-terms": [], "state": 2, "file_id": 1, "knowledge_revision": 14, "git_revision": "e7bd02cad08cd99f033f4afb96b8d8f942a6acbc", "hash": "1ff3692c820a0bc9c6a55813ef1481cf", "format-version": 4, "code-base-name": "battleships_frontend", "filename": "README.md", "revision_history": [{"14": "e7bd02cad08cd99f033f4afb96b8d8f942a6acbc"}]}